firstName,gender,email,password,major,pref_1,pref_2,pref_3,summary
Amber,female,huffmanrandall@gmail.com,51118982,Performing Arts,ethiopian,mexican,thai,
Lindsey,female,vharris@yahoo.com,39857279,Journalism,french,spanish,japanese,
Robert,male,jarvisdavid@holmes.org,37267991,Architecture,mexican,indian,thai,
Deborah,female,wesley52@hotmail.com,94375419,Philosophy and Religious Studies,mediterranian,mexican,italian,
Vanessa,female,glenn08@hotmail.com,85813373,Applied Sciences,japanese,spanish,american,
Shane,male,esmith@lloyd-stevenson.org,11739503,Foreign Languages,spanish,russian,korean,
Dennis,male,thenderson@harrington-bryant.com,67189368,Foreign Languages,mediterranian,mexican,japanese,
Jeffrey,male,terrence90@davis.net,19603479,Journalism,korean,ethiopian,spanish,
Beth,female,lmurray@gmail.com,66554793,English Language and Literature,russian,ethiopian,mediterranian,
Beth,female,sarahkennedy@gmail.com,37247008,Information Sciences,spanish,ethiopian,italian,
Oscar,male,nkelly@hotmail.com,85957231,Management,spanish,thai,indian,
Thomas,male,andrew04@hotmail.com,63597471,English Language and Literature,italian,thai,ethiopian,
Michelle,female,tallen@hotmail.com,53293927,Biomedical Sciences,chinese,japanese,french,
Amy,female,humphreylisa@gmail.com,74822841,Psychology,japanese,thai,american,
Emily,female,lisa84@carter-smith.net,52610610,Biomedical Sciences,indian,mediterranian,spanish,
Linda,female,martingrant@yahoo.com,26500698,Communications Technologies,japanese,chinese,russian,
James,male,bdavis@hotmail.com,67618823,Philosophy and Religious Studies,russian,korean,french,
Katelyn,female,mariahwells@bray-douglas.com,88511056,Applied Sciences,italian,mediterranian,chinese,
Jacqueline,female,wilsonrichard@hotmail.com,31473815,Performing Arts,french,italian,mexican,
Alexandra,female,maysalyssa@huffman.com,81023113,Cultural,chinese,indian,japanese,
Jennifer,female,melissa87@david.info,63650348,Management,american,thai,spanish,
Amy,female,erik07@gmail.com,89389032,Management,spanish,russian,thai,
Renee,female,rachel91@nelson-abbott.org,49471546,Literatures,american,italian,mexican,
Alicia,female,anthonysantiago@grant.com,69123290,Biomedical Sciences,french,spanish,japanese,
Kimberly,female,andrewsmith@gmail.com,61738456,Agriculture,russian,french,korean,
Derrick,male,brownbruce@hotmail.com,58744737,Law Enforcement,mediterranian,american,italian,
Donald,male,angela48@williams-garcia.info,78169082,Literatures,ethiopian,russian,korean,
Sheila,female,josephjohnson@garrett.org,68639880,Biomedical Sciences,spanish,thai,russian,
Marie,female,waltonmelissa@taylor-jenkins.biz,68106714,Management,russian,french,korean,
Kimberly,female,todd25@yahoo.com,78392881,Ethnic,korean,mediterranian,thai,
Stuart,male,qbautista@meyer.org,46256964,Marketing,mexican,ethiopian,italian,
Sally,female,ashleycohen@solis.com,64049187,Applied Sciences,thai,chinese,french,
Corey,male,charlotteerickson@hotmail.com,70381973,Business,thai,russian,french,
Kimberly,female,owilliams@hotmail.com,92789211,Management,spanish,korean,french,
Claudia,female,lewismary@griffith.com,14649932,Foreign Languages,japanese,ethiopian,italian,
Jay,male,maria67@henry.com,75763311,Management,thai,french,russian,
Amy,female,davidbaker@gmail.com,98176554,Psychology,american,ethiopian,russian,
Benjamin,male,gdiaz@morales.com,39866075,Foreign Languages,japanese,thai,italian,
Stacy,female,theresa63@yahoo.com,63594111,Communications Technologies,russian,thai,mediterranian,
Anthony,male,brett59@gmail.com,57184902,Architecture,spanish,american,french,
Kimberly,female,ryan18@gmail.com,51519478,Ethnic,italian,mexican,indian,
Tyrone,male,brendanunez@melendez.net,79618793,Communications Technologies,thai,mexican,french,
Amanda,female,wallaceluis@cantrell.com,75710318,Law Enforcement,thai,french,italian,
Lisa,female,ginalogan@yahoo.com,90206164,Marketing,spanish,korean,italian,
Krystal,female,reidnancy@barnes.info,17517268,Ethnic,ethiopian,korean,russian,
Teresa,female,floydanthony@collier-thompson.com,65360176,Psychology,mexican,french,italian,
Theresa,female,heatherwilliams@gmail.com,36954958,Ethnic,russian,mediterranian,spanish,
Timothy,male,molinajustin@gmail.com,34250744,Applied Sciences,indian,ethiopian,japanese,
Margaret,female,griffincynthia@jones.com,70432379,Management,spanish,russian,thai,
Pamela,female,balljames@hotmail.com,52337535,Applied Sciences,thai,spanish,italian,
Audrey,female,valenciamichael@yahoo.com,43144683,Management,french,mexican,chinese,
Rodney,male,molinacaleb@buchanan-adams.com,81697621,Agriculture,chinese,korean,american,
Gary,male,jasonmoore@gmail.com,11826952,English Language and Literature,french,mexican,spanish,
Bryan,male,cisnerosmarie@hotmail.com,92072077,Business,mexican,american,mediterranian,
William,male,gbrooks@yahoo.com,60380922,Biomedical Sciences,thai,russian,american,
Lori,female,kristen61@crawford.com,96898585,Marketing,chinese,mediterranian,korean,
Donald,male,zsmith@cannon.com,86768471,Marketing,french,ethiopian,japanese,
Kelsey,female,amanda24@gmail.com,10916679,Agriculture,chinese,ethiopian,french,
Ricky,male,phernandez@hotmail.com,38900154,Marketing,japanese,italian,mexican,
Brandi,female,fhays@wilson.com,36249888,Agriculture,italian,mexican,french,
Ethan,male,kellymiller@gmail.com,81667635,Marketing,french,japanese,thai,
Matthew,male,jfrazier@adkins.com,93819700,English Language and Literature,indian,chinese,american,
Elizabeth,female,mschmidt@burke.biz,33223249,Marketing,ethiopian,french,russian,
Betty,female,owelch@webster.com,33420260,Communications Technologies,ethiopian,korean,mexican,
Michael,male,ambererickson@yahoo.com,54299468,Law Enforcement,french,italian,spanish,
Charles,male,zheath@gmail.com,23111412,Applied Sciences,italian,american,chinese,
Douglas,male,ethan51@travis.info,24725196,Information Sciences,mexican,thai,french,
David,male,trujillolisa@hotmail.com,49701826,Law Enforcement,mediterranian,thai,american,
Kevin,male,mharris@yahoo.com,48189594,English Language and Literature,italian,french,mexican,
Monica,female,leachscott@becker.com,44633329,Business,italian,ethiopian,korean,
Meghan,female,kbryant@hotmail.com,84793254,Literatures,chinese,japanese,korean,
Katelyn,female,laura84@hotmail.com,79545669,Architecture,korean,spanish,chinese,
Crystal,female,markrichardson@williams.com,62554508,Management,italian,japanese,american,
Gabriel,male,daniellecobb@yahoo.com,12250976,Architecture,japanese,mediterranian,italian,
Alexis,female,joodom@payne-ray.org,43281346,Marketing,spanish,french,chinese,
Samuel,male,sotoalicia@austin.com,95945565,Foreign Languages,ethiopian,french,mexican,
Catherine,female,stacey10@yahoo.com,98153856,Architecture,italian,thai,korean,
Kevin,male,hnielsen@cantu.net,30582252,Law Enforcement,japanese,russian,korean,
Brandon,male,taylor29@hotmail.com,46858750,Architecture,ethiopian,russian,mediterranian,
Brendan,male,suegarcia@chang-shannon.biz,11184169,Communications Technologies,chinese,japanese,russian,
Matthew,male,cjones@hotmail.com,62352388,Foreign Languages,indian,japanese,thai,
Tara,female,brianaclark@french.info,26762616,Performing Arts,mexican,mediterranian,indian,
Jose,male,wcollins@avila-ho.com,97225894,Literatures,mediterranian,korean,ethiopian,
George,male,hlewis@fisher.info,49680954,Literatures,mexican,indian,american,
Jonathan,male,cynthiataylor@hotmail.com,52308792,Communications Technologies,thai,american,indian,
Kenneth,male,ctyler@yahoo.com,81562413,Management,indian,american,chinese,
Christian,male,aoconnor@hotmail.com,18685039,Agriculture,russian,japanese,french,
Brittany,female,veronica02@hayes.com,22516632,Marketing,japanese,italian,ethiopian,
Amanda,female,snichols@hotmail.com,81300236,Psychology,italian,american,russian,
Jacob,male,ronald06@hotmail.com,94916279,Foreign Languages,italian,korean,spanish,
Shelia,female,mgardner@rogers-martinez.com,34122383,Foreign Languages,ethiopian,thai,italian,
Emily,female,mbrown@stevens-turner.com,44683047,Performing Arts,russian,mexican,indian,
Alexander,male,braycarol@hernandez-avila.com,21462563,Literatures,indian,russian,american,
Mark,male,john26@santos.biz,31178331,Applied Sciences,french,italian,ethiopian,
David,male,vwong@wang.com,33017794,English Language and Literature,ethiopian,indian,thai,
Jason,male,courtneypittman@andrade.net,82262533,Architecture,chinese,spanish,ethiopian,
James,male,harperkaren@yahoo.com,63089432,Architecture,chinese,thai,spanish,
Penny,female,brandonjefferson@yahoo.com,89746855,Ethnic,russian,french,american,
Charles,male,turnercharles@yahoo.com,86426260,Foreign Languages,japanese,indian,mexican,
Kaitlyn,female,angelajackson@vaughn-stokes.com,69583861,Information Sciences,mexican,korean,ethiopian,
Nicole,female,llogan@murphy.com,86838303,Performing Arts,french,chinese,ethiopian,
Jason,male,jeremymaxwell@brewer.com,14817755,Philosophy and Religious Studies,japanese,ethiopian,mediterranian,
Shelby,female,evanmcdaniel@yahoo.com,86208272,Cultural,chinese,american,spanish,
Jacob,male,ethompson@gmail.com,15211547,Information Sciences,american,italian,chinese,
Ricky,male,mahoneysuzanne@yahoo.com,52269788,Applied Sciences,mexican,mediterranian,thai,
Omar,male,andrewgray@lopez.com,30108755,Biomedical Sciences,french,korean,japanese,
Monica,female,annacohen@yahoo.com,17863336,Information Sciences,italian,japanese,spanish,
Robert,male,melissa55@valdez.biz,67603892,Philosophy and Religious Studies,thai,mexican,japanese,
Mark,male,cwebster@duncan.info,67084577,English Language and Literature,mexican,ethiopian,mediterranian,
Tiffany,female,mitchelljason@gmail.com,57963776,Information Sciences,french,thai,american,
Michael,male,heathjoanna@parker.org,87312441,Performing Arts,japanese,american,mediterranian,
Alexis,female,phillipspatrick@hobbs-shaw.org,85597785,Agriculture,mexican,indian,spanish,
Dillon,male,shermancraig@yahoo.com,13601614,Journalism,italian,thai,korean,
Roger,male,zcharles@moore.com,79727950,Information Sciences,indian,korean,ethiopian,
Frank,male,eric59@meyer.com,10901172,Information Sciences,french,japanese,thai,
Audrey,female,yoderbarbara@gmail.com,63048002,Philosophy and Religious Studies,spanish,japanese,mediterranian,
Lisa,female,sextonlawrence@kramer-guerrero.info,32442342,Information Sciences,russian,indian,thai,
Michael,male,candice38@graham.net,46470042,Literatures,thai,french,mediterranian,
Grant,male,ymiller@davis.org,23402388,Communications Technologies,mexican,japanese,korean,
Scott,male,hendersonkenneth@case.biz,99440286,Performing Arts,mediterranian,french,thai,
Daniel,male,terri40@gmail.com,81842092,Information Sciences,italian,thai,indian,
Rachel,female,alexa73@gmail.com,21604662,Law Enforcement,mediterranian,korean,french,
Timothy,male,bortega@kline.org,71463227,Agriculture,mexican,russian,american,
Christopher,male,millermaria@donovan-walker.com,16592455,Cultural,mexican,ethiopian,korean,
Lisa,female,robertmartinez@fuentes-rose.com,62440495,Psychology,spanish,russian,mediterranian,
Gregory,male,moraleswendy@webster.com,18175296,Foreign Languages,thai,french,ethiopian,
Brenda,female,christina75@gmail.com,89258098,Philosophy and Religious Studies,mediterranian,ethiopian,japanese,
Philip,male,matthewrogers@yahoo.com,84064269,Business,indian,american,russian,
Stephen,male,simpsonrobert@gmail.com,27337043,Performing Arts,japanese,mediterranian,mexican,
Ryan,male,wendyayala@gmail.com,17743970,Psychology,mediterranian,chinese,american,
Lisa,female,glendamartin@white.org,81858101,Agriculture,spanish,mediterranian,korean,
Linda,female,bscott@king-sherman.info,54879476,Foreign Languages,french,russian,spanish,
Richard,male,porterbrenda@gmail.com,77361109,Business,mexican,french,chinese,
Patrick,male,mwilson@decker-arnold.org,61949394,Performing Arts,japanese,thai,american,
Christine,female,lmatthews@roberts.com,97264771,Business,italian,ethiopian,japanese,
Alejandra,female,melissabrown@long.com,39049508,Foreign Languages,ethiopian,french,american,
Larry,male,katiethomas@williams.com,98332929,Communications Technologies,mediterranian,french,mexican,
Angela,female,stonejamie@miller-hicks.com,28677381,Literatures,french,italian,american,
Mary,female,umurray@gmail.com,46205098,Management,korean,ethiopian,mexican,
Christopher,male,henryherring@yahoo.com,66075983,Applied Sciences,thai,mediterranian,indian,
Sonia,female,sharon58@solis.com,13313632,Information Sciences,french,japanese,italian,
Robert,male,juliewright@brown-lopez.org,19440794,English Language and Literature,russian,french,mexican,
Casey,male,lking@williams.com,90355600,Performing Arts,italian,ethiopian,korean,
Matthew,male,obrienrussell@chen.biz,66478897,Performing Arts,spanish,thai,french,
Derrick,male,oking@yahoo.com,12654930,Biomedical Sciences,ethiopian,american,chinese,
Jeffrey,male,juliawilliams@davis.com,95426408,Biomedical Sciences,indian,french,ethiopian,
Lance,male,donaldnielsen@hotmail.com,71731221,Agriculture,ethiopian,korean,mediterranian,
Amanda,female,sanchezchristopher@knight-rodriguez.com,83374719,Foreign Languages,french,thai,chinese,
Andrea,female,timothyli@hotmail.com,84780175,Agriculture,chinese,american,japanese,
Holly,female,ellisonchristina@hotmail.com,66128251,Communications Technologies,french,ethiopian,indian,
Benjamin,male,deborah30@elliott.com,61837476,Architecture,italian,spanish,french,
Michelle,female,william93@jensen.net,85620790,Business,mediterranian,japanese,thai,
Vincent,male,cynthiaolson@duran.com,95384842,Journalism,french,spanish,mexican,
Andrew,male,ortizsteven@yahoo.com,59726642,Communications Technologies,japanese,indian,american,
Benjamin,male,ashleyromero@gmail.com,56603008,Information Sciences,mediterranian,ethiopian,russian,
Joseph,male,hickseric@garrett.org,10048855,Psychology,italian,korean,indian,
Nathan,male,charlesfrost@gmail.com,50163906,Information Sciences,indian,russian,american,
Jennifer,female,wcross@wilcox-blake.biz,40109269,Information Sciences,mexican,indian,american,
Christie,female,yewing@cunningham-williams.biz,11593573,Marketing,mexican,ethiopian,chinese,
David,male,npacheco@berry.org,13397476,Marketing,mediterranian,korean,mexican,
Frances,female,freemannathan@hotmail.com,10177665,Philosophy and Religious Studies,chinese,japanese,american,
Andrew,male,ireed@shepard.com,66863320,Cultural,russian,korean,french,
Samantha,female,benjamin19@gmail.com,11027367,Literatures,ethiopian,korean,mediterranian,
Jennifer,female,ramostroy@hotmail.com,86324308,Information Sciences,russian,american,italian,
Tiffany,female,andersenparker@mitchell-harper.biz,10972628,Law Enforcement,ethiopian,mediterranian,chinese,
Jennifer,female,rojaskara@knight-reynolds.com,29106830,Philosophy and Religious Studies,russian,korean,french,
Jessica,female,michaelfrancis@hotmail.com,56784805,Marketing,thai,mediterranian,korean,
Ellen,female,dianemcgee@yahoo.com,88230909,Psychology,spanish,thai,french,
Catherine,female,amberlopez@lane.biz,71824742,Business,ethiopian,mexican,korean,
Julie,female,lgaines@hill.com,80637105,Architecture,italian,spanish,french,
Sara,female,kristen52@fowler-forbes.net,84739876,Ethnic,russian,mediterranian,ethiopian,
Mark,male,thomassanchez@smith.com,88424086,Psychology,spanish,mexican,italian,
Justin,male,ohart@washington.info,85575226,Biomedical Sciences,korean,russian,mexican,
Brandon,male,patricksmith@mercer.biz,90650801,Literatures,mediterranian,french,italian,
Melissa,female,newmanleah@gallagher.com,68835476,Law Enforcement,thai,russian,mexican,
John,male,pfry@gmail.com,15376091,Information Sciences,indian,mediterranian,american,
Charles,male,ogrant@yahoo.com,45450672,Philosophy and Religious Studies,mexican,indian,ethiopian,
Joseph,male,isabelladavidson@medina-wheeler.org,54645999,Applied Sciences,chinese,indian,spanish,
Jaime,female,stevenmcdonald@yahoo.com,61126841,Journalism,indian,mediterranian,spanish,
Christopher,male,qwilcox@dodson.com,36275163,Information Sciences,italian,french,mediterranian,
Mary,female,mjackson@yahoo.com,82157282,Literatures,spanish,russian,mediterranian,
Stacy,female,mikeallison@yahoo.com,60692082,Journalism,thai,russian,chinese,
Deborah,female,morenomark@gray-huffman.info,36109650,English Language and Literature,thai,mediterranian,chinese,
Jennifer,female,afitzgerald@vang-fields.info,73194605,Biomedical Sciences,thai,korean,spanish,
John,male,pamela04@yahoo.com,71045860,Management,korean,indian,ethiopian,
Ricky,male,nbutler@gmail.com,15394968,Management,russian,ethiopian,thai,
Amber,female,jennifer00@russell.org,62110440,English Language and Literature,spanish,thai,mexican,
Jesus,male,qriddle@hotmail.com,73727430,Cultural,chinese,french,ethiopian,
Mercedes,female,jilldavis@singleton.biz,32280048,Business,mexican,japanese,french,
Taylor,female,blopez@hotmail.com,56421825,Business,french,american,russian,
Tony,male,christymcdonald@santos.com,54352060,Applied Sciences,french,indian,ethiopian,
Mark,male,brandy55@gmail.com,22813804,Performing Arts,russian,indian,chinese,
Justin,male,trodriguez@allen-cross.com,89330274,Information Sciences,mexican,french,ethiopian,
Elizabeth,female,brittanywoodward@perez.com,22993417,Communications Technologies,russian,italian,ethiopian,
Brent,male,tuckerrobert@jenkins.info,52949963,Communications Technologies,french,chinese,spanish,
Felicia,female,leonardmarcus@lambert.com,14021705,Foreign Languages,chinese,japanese,french,
Monica,female,amichael@yahoo.com,49041027,Biomedical Sciences,korean,japanese,thai,
Michael,male,ramirezjennifer@arellano.com,14030108,Philosophy and Religious Studies,mexican,italian,french,
Julie,female,bryce01@holt.com,76119840,Architecture,japanese,italian,ethiopian,
Eric,male,brookesanders@gmail.com,59571121,Cultural,french,chinese,mediterranian,
Billy,male,melaniemack@hotmail.com,31480912,English Language and Literature,american,japanese,spanish,
Sharon,female,cmendoza@owens.org,90856835,Journalism,chinese,indian,american,
Julia,female,richardsontodd@yahoo.com,60499971,Literatures,spanish,french,american,
Andre,male,michaelbecker@calderon-griffith.net,98037821,Performing Arts,american,japanese,thai,
Emily,female,renee80@gmail.com,87230873,Cultural,chinese,indian,japanese,
Adam,male,jamesbarker@garcia-jones.info,52535104,Biomedical Sciences,thai,indian,french,
Kristi,female,samuel35@mcdowell.com,92912126,Management,french,russian,indian,
Ryan,male,angelacarter@davis.net,71075656,Applied Sciences,russian,chinese,italian,
Pamela,female,maria97@conway.com,57985107,Management,american,thai,mediterranian,
Brad,male,obishop@willis.org,80521004,Agriculture,japanese,italian,thai,
Michelle,female,cheryl20@hotmail.com,94855803,Architecture,chinese,french,japanese,
Tracy,female,spowell@weber.com,38968944,English Language and Literature,french,mediterranian,japanese,
Gregory,male,lisalopez@smith.net,72417445,Applied Sciences,spanish,mediterranian,japanese,
Adam,male,thompsonjohn@adams-powell.com,21613709,Architecture,russian,ethiopian,mexican,
Tamara,female,rparker@young.info,74351278,Communications Technologies,korean,italian,french,
Phillip,male,paulsmith@yahoo.com,24312004,Ethnic,mediterranian,korean,french,
Scott,male,ahall@gmail.com,68653537,Information Sciences,mexican,italian,chinese,
Jeremy,male,ttravis@gmail.com,93095484,Management,french,indian,korean,
Stephanie,female,matthew08@gmail.com,75898268,Philosophy and Religious Studies,italian,russian,mediterranian,
Donald,male,melissa24@ellis-garcia.org,34563851,English Language and Literature,russian,italian,korean,
Jessica,female,floresjenna@yahoo.com,45417435,Cultural,japanese,indian,thai,
Jordan,male,johnsonlindsay@gmail.com,52879301,Marketing,japanese,mediterranian,indian,
Timothy,male,kimberly75@gmail.com,53303907,Foreign Languages,indian,french,japanese,
Katie,female,mdickerson@yahoo.com,13337270,Marketing,korean,spanish,mediterranian,
Bobby,male,omontoya@johnson.biz,69455658,Management,mediterranian,mexican,american,
Matthew,male,john51@hotmail.com,15107812,Agriculture,indian,spanish,italian,
Ashley,female,juliaduran@patton.com,86684465,Applied Sciences,french,chinese,thai,
Nicholas,male,douglasanita@flores.info,93286335,Communications Technologies,mexican,russian,chinese,
Robert,male,kelseyhenry@yahoo.com,57547608,Cultural,japanese,chinese,indian,
Donna,female,clarkcarl@gmail.com,27833998,Applied Sciences,ethiopian,indian,russian,
Joseph,male,nguyendominique@gmail.com,97673932,Journalism,spanish,french,chinese,
Timothy,male,bryangregory@hotmail.com,88344617,Biomedical Sciences,mexican,indian,thai,
William,male,sarahrobinson@vincent.com,34642880,Management,mexican,chinese,american,
Kimberly,female,schapman@parks.com,24590788,Management,japanese,chinese,russian,
Amanda,female,alyssajohnson@gmail.com,17659048,Psychology,french,mediterranian,american,
George,male,deckerdale@stewart.org,37262179,Foreign Languages,spanish,ethiopian,thai,
John,male,evanreyes@yahoo.com,94081577,Agriculture,american,mediterranian,russian,
April,female,jeffreythomas@yahoo.com,57390346,English Language and Literature,french,american,thai,
Virginia,female,cthomas@nelson-ramirez.biz,87487613,Cultural,japanese,russian,indian,
Joseph,male,josephwalker@bowman-hahn.biz,63438163,Ethnic,japanese,mediterranian,chinese,
Andrew,male,rkennedy@yahoo.com,16990074,Philosophy and Religious Studies,japanese,italian,mexican,
Guy,male,ocruz@king-hanson.info,95628364,Philosophy and Religious Studies,indian,spanish,korean,
Brandy,female,christopherwatkins@andersen.com,69103687,Agriculture,spanish,mediterranian,mexican,
Robert,male,lisa73@coleman.com,98294702,Biomedical Sciences,chinese,mediterranian,american,
Cheryl,female,stephanie72@hotmail.com,94366856,Journalism,mediterranian,american,thai,
Todd,male,jerry29@king.com,68123773,Marketing,thai,french,spanish,
Christina,female,steve70@hotmail.com,47046145,Foreign Languages,indian,french,chinese,
Kyle,male,kelly82@gmail.com,85879717,Agriculture,french,italian,indian,
Scott,male,sanfordadam@martinez.com,58419837,Marketing,russian,mediterranian,indian,
Robert,male,thomas76@allen-arroyo.org,39604323,Architecture,indian,thai,american,
Sean,male,hornbrenda@schultz.net,15033032,Information Sciences,mexican,spanish,japanese,
Samantha,female,erica67@hotmail.com,14446329,Ethnic,japanese,russian,spanish,
Gregory,male,drakesarah@gmail.com,42708617,Ethnic,french,chinese,thai,
Amy,female,brittney70@hotmail.com,10563899,Agriculture,ethiopian,spanish,american,
Katherine,female,udrake@yahoo.com,89650018,Journalism,spanish,mediterranian,korean,
Diana,female,ysandoval@yahoo.com,59999562,Architecture,mexican,chinese,indian,
Amy,female,kellyvasquez@duran.biz,22600993,Management,japanese,french,ethiopian,
Terry,male,john26@brown.biz,60311468,Information Sciences,russian,japanese,indian,
Cynthia,female,scortez@hotmail.com,46004967,Architecture,italian,chinese,mexican,
Sara,female,ryanevans@owens.info,69306638,Journalism,ethiopian,mexican,italian,
John,male,rickeyhiggins@gmail.com,71963386,Applied Sciences,mexican,french,japanese,
Charles,male,harrisvincent@gmail.com,40499596,Communications Technologies,ethiopian,mexican,korean,
Scott,male,janetmiller@hotmail.com,50653415,Applied Sciences,chinese,french,spanish,
Samantha,female,joshuahernandez@white.net,96449063,Journalism,french,american,indian,
Louis,male,willie25@green-barrera.com,92045314,Journalism,american,japanese,korean,
Caleb,male,yshaffer@wilson.org,20502410,Information Sciences,ethiopian,korean,japanese,
Erica,female,shawkristin@morgan.org,79681852,Foreign Languages,ethiopian,japanese,spanish,
Nicholas,male,jnelson@gmail.com,85836557,Law Enforcement,french,korean,chinese,
Benjamin,male,blairtanya@townsend.org,49590788,Cultural,italian,korean,russian,
Teresa,female,mcclainerin@tyler.com,93341081,Communications Technologies,italian,spanish,mediterranian,
Michelle,female,arroyorhonda@reynolds.biz,41878142,Architecture,american,indian,japanese,
Melanie,female,waltersmary@yahoo.com,21725553,Agriculture,indian,italian,american,
Michael,male,theresamarshall@yahoo.com,48404864,Communications Technologies,indian,thai,japanese,
Margaret,female,cruzwilliam@yahoo.com,17258590,Management,mexican,ethiopian,indian,
Heather,female,xschaefer@ramos-gray.com,19196471,English Language and Literature,mexican,italian,spanish,
Kristine,female,vanessarodgers@gmail.com,11018546,Philosophy and Religious Studies,chinese,korean,mediterranian,
Melissa,female,josephbrown@gmail.com,74860790,Journalism,korean,french,thai,
Peter,male,eric80@gmail.com,22654615,Foreign Languages,chinese,spanish,american,
Timothy,male,robert91@hotmail.com,66004831,Literatures,chinese,french,korean,
Robert,male,cooperandrea@johnson.com,75446705,Journalism,ethiopian,mexican,spanish,
Christopher,male,williammonroe@anderson.info,60670069,Business,russian,indian,french,
Amber,female,hbowers@klein.com,83390073,Biomedical Sciences,ethiopian,mexican,spanish,
Samantha,female,heathercox@gaines.com,13897983,Cultural,spanish,indian,french,
Nicholas,male,michael01@moore-bauer.com,79524661,Marketing,spanish,indian,american,
Erika,female,rmiller@gmail.com,22934854,English Language and Literature,italian,ethiopian,japanese,
Matthew,male,jenniferterry@marshall.com,57875502,Journalism,russian,korean,spanish,
Jeffrey,male,elaine33@hotmail.com,46902049,Information Sciences,japanese,chinese,ethiopian,
Kathryn,female,justin73@woods-best.info,64039239,Communications Technologies,ethiopian,french,indian,
Heather,female,pattyrodriguez@yahoo.com,48120838,Communications Technologies,russian,thai,japanese,
Joshua,male,amanda54@yahoo.com,12176544,Psychology,indian,italian,korean,
David,male,joshua59@gmail.com,93144918,Foreign Languages,american,korean,spanish,
Kyle,male,vbrown@yahoo.com,57884488,Performing Arts,russian,french,spanish,
Emily,female,benjamin74@gmail.com,39589013,Business,russian,italian,ethiopian,
Richard,male,jessicawarner@gonzalez.org,50138855,Business,mexican,thai,russian,
Michael,male,salazarlisa@cain.com,62150683,Business,french,spanish,american,
Michael,male,mary83@rosales-clark.com,53542055,English Language and Literature,spanish,american,italian,
Gerald,male,brianwebster@parker.com,70339377,Communications Technologies,mediterranian,american,chinese,
Jill,female,tbrown@hotmail.com,83592801,Journalism,japanese,thai,italian,
Pamela,female,stewartsandra@gmail.com,15261917,Psychology,ethiopian,indian,russian,
Curtis,male,heather99@hotmail.com,92585362,Psychology,ethiopian,korean,indian,
Tina,female,jeffreyhunt@glass-decker.com,27773185,Applied Sciences,spanish,thai,mexican,
Mario,male,gramirez@yahoo.com,37214248,Journalism,spanish,french,japanese,
Richard,male,kellytaylor@gmail.com,16216926,Cultural,japanese,mexican,spanish,
Brenda,female,mcgeeangela@hotmail.com,47348402,Foreign Languages,thai,ethiopian,indian,
Catherine,female,bruce39@gmail.com,10052485,Business,mediterranian,french,mexican,
Carol,female,christopher99@gmail.com,25030526,Business,thai,japanese,spanish,
Donna,female,mshepherd@yahoo.com,87971275,Law Enforcement,italian,american,chinese,
Shirley,female,taylorrichard@hotmail.com,55468584,Agriculture,mediterranian,korean,chinese,
Krista,female,troy55@hotmail.com,45888713,Journalism,japanese,american,thai,
Angelica,female,thomasdaniel@howard.com,79964262,Ethnic,french,thai,indian,
Audrey,female,allenjackson@hotmail.com,72463955,Information Sciences,spanish,indian,french,
Bill,male,coopersara@gmail.com,33814921,English Language and Literature,korean,japanese,mediterranian,
Jill,female,dustinjohnson@yahoo.com,86841483,Cultural,ethiopian,mexican,american,
Susan,female,antonioperez@henderson-curtis.info,76507935,Information Sciences,korean,spanish,japanese,
Brenda,female,vernonsolis@kim-hernandez.com,16312174,Journalism,mediterranian,french,thai,
Samantha,female,xjohnson@hotmail.com,13721330,Architecture,ethiopian,spanish,russian,
Jamie,female,ricky62@hernandez.com,29368423,Applied Sciences,spanish,italian,japanese,
Randy,male,adamsanchez@gmail.com,42887955,Law Enforcement,chinese,italian,mediterranian,
Priscilla,female,gregorywolfe@hotmail.com,21909357,Business,american,indian,russian,
Nicolas,male,robinbriggs@wright.com,64435136,Biomedical Sciences,thai,russian,japanese,
Daniel,male,littlekayla@tyler.biz,54025412,Cultural,japanese,korean,italian,
Derek,male,sanchezkeith@hotmail.com,96762690,Literatures,thai,japanese,ethiopian,
Jason,male,christine24@gmail.com,53769107,Management,american,mexican,indian,
Jessica,female,rdecker@yahoo.com,97904134,Information Sciences,russian,japanese,chinese,
Derek,male,michaellarson@gmail.com,36770075,Information Sciences,american,mediterranian,russian,
Casey,male,jessica38@gmail.com,34856823,Ethnic,american,russian,mediterranian,
Ronald,male,elizabethbryant@hotmail.com,48444075,Applied Sciences,mediterranian,chinese,ethiopian,
Jennifer,female,allison78@yahoo.com,61806094,Psychology,mexican,ethiopian,japanese,
Gregory,male,brianowens@gmail.com,41322033,Psychology,japanese,indian,korean,
Sara,female,gina89@palmer.biz,37925086,Philosophy and Religious Studies,american,chinese,mediterranian,
Mark,male,pgriffin@gonzalez.com,48208279,Foreign Languages,spanish,japanese,mediterranian,
Kenneth,male,ncruz@koch.biz,69582540,English Language and Literature,japanese,italian,mediterranian,
Jeffrey,male,vcampbell@yahoo.com,97347690,Psychology,thai,mediterranian,ethiopian,
Christy,female,greerholly@yahoo.com,58776490,Journalism,american,japanese,italian,
Kyle,male,amywise@larson-brown.com,21138336,Literatures,french,american,thai,
Dominique,female,james83@chen-barrett.info,46694607,Biomedical Sciences,korean,mexican,thai,
Jordan,male,tbass@yahoo.com,39779791,Marketing,french,american,italian,
Christina,female,hillheather@hotmail.com,55964976,Biomedical Sciences,russian,mediterranian,indian,
William,male,qpowers@gmail.com,71213561,Law Enforcement,italian,russian,spanish,
Alvin,male,rebeccaknight@schaefer-ball.com,56407909,Architecture,japanese,spanish,russian,
Thomas,male,michael70@foster-alvarez.com,55828600,Information Sciences,italian,korean,mexican,
Samantha,female,olittle@dean.info,66129276,Philosophy and Religious Studies,thai,indian,spanish,
Tonya,female,mindy52@gmail.com,15602812,Performing Arts,italian,thai,american,
Michael,male,ruizabigail@ruiz-fisher.com,97632754,Business,italian,spanish,japanese,
Jonathan,male,ihudson@gmail.com,96465083,Information Sciences,american,mediterranian,french,
Katie,female,jenniferosborn@marquez.com,75122139,Ethnic,japanese,spanish,chinese,
Daniel,male,katrina61@hubbard.com,75435951,Agriculture,russian,mediterranian,japanese,
Lisa,female,christinavalencia@gmail.com,58268939,Applied Sciences,russian,italian,thai,
Michael,male,psmith@porter.com,31295740,Architecture,russian,american,mediterranian,
Stephen,male,joseph16@christensen-murray.info,87642227,Performing Arts,korean,japanese,spanish,
Sonya,female,bryantshawn@wilson.org,18463340,Communications Technologies,japanese,thai,mediterranian,
Kevin,male,pmcfarland@obrien.com,55412470,Management,mediterranian,spanish,ethiopian,
Frank,male,christine64@graves.info,25224457,Architecture,spanish,thai,korean,
Johnny,male,flynnamanda@rivera.biz,50932588,English Language and Literature,japanese,thai,korean,
Albert,male,ilynch@hotmail.com,25082145,Journalism,chinese,ethiopian,mediterranian,
Tommy,male,jessicaortega@rowland.com,31881393,Law Enforcement,indian,french,ethiopian,
Sharon,female,parknathan@hotmail.com,16667627,Psychology,japanese,mediterranian,american,
Deborah,female,fieldscharles@gmail.com,87102755,Cultural,japanese,korean,russian,
Randall,male,elizabethgreen@yahoo.com,57145088,Information Sciences,chinese,thai,korean,
Jack,male,reneemorris@gmail.com,70457492,Biomedical Sciences,chinese,indian,korean,
Maria,female,jasonharper@yahoo.com,20472988,Philosophy and Religious Studies,indian,korean,japanese,
Krystal,female,jonesbruce@hotmail.com,76472409,Literatures,spanish,korean,french,
Jeffery,male,housemichael@gmail.com,68724666,Literatures,korean,chinese,french,
David,male,smithrobert@hicks.info,60530887,Cultural,italian,thai,american,
David,male,haneydaniel@hotmail.com,89747696,Information Sciences,ethiopian,indian,mexican,
Joseph,male,rick47@yahoo.com,44186902,Literatures,chinese,thai,mexican,
Christine,female,bobby88@turner-hudson.com,86350535,Communications Technologies,thai,italian,french,
Jonathan,male,fcruz@gmail.com,92532532,Business,spanish,indian,mediterranian,
Michelle,female,braunpaula@hotmail.com,88110681,Philosophy and Religious Studies,italian,korean,japanese,
Penny,female,qglover@hotmail.com,53803417,Performing Arts,mexican,chinese,ethiopian,
Amanda,female,barrywhite@yahoo.com,68948575,Psychology,ethiopian,mexican,japanese,
Keith,male,jorge38@yahoo.com,12954279,Philosophy and Religious Studies,american,chinese,spanish,
Lisa,female,cynthia63@mason-warren.com,76020117,Journalism,american,spanish,ethiopian,
Rhonda,female,cstewart@hotmail.com,60503667,Management,italian,ethiopian,american,
Julie,female,torrestimothy@yahoo.com,54823192,Performing Arts,japanese,korean,russian,
Erica,female,danielroberts@gmail.com,79850489,Applied Sciences,mediterranian,japanese,french,
Crystal,female,andrewgould@hotmail.com,19889775,Journalism,chinese,italian,mexican,
Laurie,female,heatherjohnson@knight-martin.org,93399849,Marketing,american,italian,japanese,
Rachel,female,taylorchristopher@kelly.com,39024550,Ethnic,ethiopian,chinese,japanese,
Melissa,female,mhammond@hotmail.com,88311709,Journalism,spanish,chinese,italian,
Cheryl,female,gbrown@gmail.com,76879312,Business,ethiopian,indian,russian,
Zachary,male,christopher57@yahoo.com,95867189,Architecture,japanese,american,chinese,
Alexis,male,jacksontim@mcgrath-wright.org,47428048,Foreign Languages,french,mediterranian,korean,
Molly,female,rpatterson@yahoo.com,44044212,English Language and Literature,mediterranian,mexican,american,
John,male,valerie73@hartman.com,35281598,English Language and Literature,italian,french,chinese,
Vanessa,female,cbarrett@wright.com,79975445,Applied Sciences,italian,ethiopian,korean,
Donna,female,carla91@meyer-porter.com,67163041,Ethnic,ethiopian,mediterranian,korean,
Sarah,female,timothy08@warren.com,79814383,Architecture,korean,japanese,mexican,
James,male,julierobinson@yahoo.com,48504838,Literatures,italian,ethiopian,korean,
Lisa,female,conniesmith@gmail.com,12202820,Law Enforcement,korean,russian,japanese,
Michael,male,xpowers@hotmail.com,96362425,Philosophy and Religious Studies,russian,ethiopian,french,
Megan,female,teresalopez@thomas-wood.com,96654721,Architecture,russian,korean,italian,
Michael,male,zjones@yahoo.com,72602002,Agriculture,korean,mexican,french,
Ricardo,male,morganadrian@williams.net,20862824,Management,french,russian,spanish,
Barbara,female,eklein@anderson-ellis.org,79490878,Information Sciences,american,indian,korean,
Tracy,female,shanejohnson@gmail.com,24753079,Foreign Languages,korean,indian,thai,
Stephanie,female,georgejeffery@jones-walters.biz,57093805,Performing Arts,french,mexican,mediterranian,
Amber,female,esmith@yoder-mcclain.biz,53393841,Literatures,indian,russian,french,
Terri,female,kenneth71@andrews.info,36906446,Communications Technologies,spanish,ethiopian,korean,
George,male,alexanderrandolph@watts.biz,21573061,Business,mexican,chinese,thai,
William,male,amanda56@hotmail.com,36274169,Journalism,thai,japanese,french,
Brian,male,qbailey@blanchard.org,17383120,Ethnic,indian,korean,thai,
James,male,christopher38@yahoo.com,16755360,Applied Sciences,spanish,chinese,mexican,
Amy,female,uhowe@harris.com,63617181,Performing Arts,korean,french,italian,
Michael,male,webbdean@yahoo.com,79354342,Journalism,indian,thai,ethiopian,
Joseph,male,lgarza@yahoo.com,38289970,Cultural,mexican,russian,french,
Shannon,female,lynchstephen@sanchez.net,96791347,Performing Arts,chinese,indian,spanish,
Guy,male,ronald65@yahoo.com,57794251,Journalism,mediterranian,american,italian,
Walter,male,tsmith@miller.net,33113299,Biomedical Sciences,russian,american,indian,
Penny,female,bethany98@sloan-hendricks.com,11044928,Agriculture,italian,french,mediterranian,
Pamela,female,phaynes@turner.com,89613609,Journalism,spanish,american,italian,
Barry,male,wrightanthony@hotmail.com,99089579,Communications Technologies,mexican,mediterranian,korean,
Steve,male,sarahdaniel@gmail.com,62368598,Information Sciences,thai,french,japanese,
Julie,female,storres@johnson-miller.com,29742176,Information Sciences,spanish,ethiopian,chinese,
Jean,female,fdavis@zamora-gregory.com,68860336,Journalism,french,korean,russian,
Jose,male,terrijones@sexton.org,26598896,Information Sciences,chinese,mediterranian,spanish,
Alexa,female,bmitchell@yahoo.com,56956048,Agriculture,korean,russian,american,
Megan,female,riverscatherine@gmail.com,59355829,Ethnic,russian,mexican,japanese,
Dawn,female,hudsonapril@franklin.com,87676050,Literatures,ethiopian,russian,indian,
Karen,female,torresemma@brown.com,32962844,Marketing,spanish,japanese,russian,
April,female,osmith@booth.com,54460115,Performing Arts,thai,japanese,korean,
Michael,male,bradley51@garcia.com,15691332,Journalism,italian,ethiopian,korean,
Kelly,female,shaffersharon@hotmail.com,94146809,Philosophy and Religious Studies,ethiopian,japanese,thai,
Jocelyn,female,ogomez@hotmail.com,29028684,Communications Technologies,thai,american,ethiopian,
Scott,male,rgreen@montgomery-lee.com,99977098,Ethnic,indian,thai,korean,
Shawn,male,tonya83@gmail.com,43061395,Applied Sciences,chinese,mexican,russian,
Steven,male,rodriguezjesus@hotmail.com,69314338,Philosophy and Religious Studies,korean,russian,mexican,
Michael,male,jasonmahoney@gmail.com,27683326,Journalism,french,japanese,mexican,
Kimberly,female,dylan85@hotmail.com,33868315,Information Sciences,mediterranian,italian,russian,
Samantha,female,april53@watson-townsend.biz,78528632,Ethnic,spanish,mediterranian,mexican,
Ronnie,male,william76@johns-ramsey.com,85742144,Foreign Languages,spanish,italian,french,
Elizabeth,female,rogersdaniel@hotmail.com,81269776,Ethnic,spanish,thai,indian,
Jamie,male,cmcgee@yahoo.com,68619873,Communications Technologies,mediterranian,chinese,russian,
Andrew,male,romerolacey@gmail.com,54415607,Journalism,japanese,american,mexican,
Darlene,female,williamwise@sullivan.com,64375065,Philosophy and Religious Studies,indian,thai,italian,
Tonya,female,sara97@turner.com,99410794,English Language and Literature,korean,mediterranian,russian,
Nicole,female,lwhite@yahoo.com,76953082,Agriculture,mediterranian,mexican,indian,
Robin,female,gary54@dean.info,43152598,English Language and Literature,thai,italian,japanese,
Hannah,female,jessica90@velazquez.com,48064506,Marketing,japanese,korean,spanish,
Rebecca,female,jennifer25@huffman-wolfe.biz,20514037,Philosophy and Religious Studies,italian,japanese,american,
Heather,female,michaelhays@hotmail.com,87973275,Architecture,indian,ethiopian,mexican,
Jessica,female,hburke@yahoo.com,16181633,Ethnic,korean,indian,chinese,
James,male,david90@hotmail.com,29670603,Management,ethiopian,spanish,thai,
Scott,male,cindy81@miller-ayala.net,89041174,Communications Technologies,korean,ethiopian,thai,
Keith,male,mitchellmary@yahoo.com,14828836,Philosophy and Religious Studies,korean,mexican,thai,
Brandy,female,maldonadokenneth@gmail.com,67592200,Biomedical Sciences,mediterranian,indian,mexican,
Alicia,female,pedwards@carr.com,79350111,Literatures,mediterranian,chinese,thai,
Denise,female,alanjohnson@smith.info,69243360,Information Sciences,mediterranian,ethiopian,korean,
Carolyn,female,kimjustin@hotmail.com,39102540,Business,american,french,thai,
Heather,female,michellesmith@bass.com,21733566,Architecture,mediterranian,japanese,korean,
Jacob,male,allison72@hotmail.com,69201687,Architecture,italian,japanese,ethiopian,
Jordan,male,zharris@gmail.com,80462113,Biomedical Sciences,korean,indian,ethiopian,
James,male,danielchapman@vaughan-holland.info,85075398,Cultural,indian,chinese,japanese,
Julia,female,craigshaw@garcia.com,26196892,Literatures,thai,french,korean,
Jessica,female,moniquemyers@martin.com,93203590,Information Sciences,mediterranian,indian,thai,
Mark,male,marynguyen@adams.biz,82097247,Biomedical Sciences,mediterranian,korean,ethiopian,
Peter,male,paula17@hotmail.com,84597022,Journalism,mediterranian,russian,japanese,
Ryan,male,aarongreen@brown.net,37633671,Law Enforcement,mexican,mediterranian,american,
Tammie,female,glassdeborah@hotmail.com,13421493,Philosophy and Religious Studies,korean,american,spanish,
Darren,male,sanfordryan@gmail.com,61167627,Applied Sciences,american,japanese,russian,
Christopher,male,jeffrey37@hotmail.com,92533617,Business,chinese,thai,ethiopian,
Nathan,male,qarnold@price-curtis.com,59362957,Journalism,french,mediterranian,ethiopian,
Gary,male,ujohnson@hotmail.com,36971038,Philosophy and Religious Studies,mexican,russian,japanese,
Franklin,male,ohobbs@hotmail.com,90019707,Information Sciences,american,thai,ethiopian,
Mark,male,dakota63@yahoo.com,65070548,Communications Technologies,french,american,mediterranian,
Michael,male,rachel95@yahoo.com,71902534,Literatures,ethiopian,korean,mexican,
Edward,male,thomasmitchell@yahoo.com,12528389,Philosophy and Religious Studies,mexican,spanish,mediterranian,
Kenneth,male,hannahcarlson@ramirez.info,92890126,Agriculture,chinese,korean,american,
Amanda,female,kevin82@gmail.com,46979263,Literatures,spanish,ethiopian,mediterranian,
Evan,male,jason21@hotmail.com,61996214,English Language and Literature,indian,ethiopian,spanish,
Tiffany,female,btodd@hotmail.com,85195758,Business,korean,mediterranian,japanese,
Aaron,male,rconway@thompson.com,53292098,English Language and Literature,ethiopian,italian,chinese,
Janet,female,kflores@yahoo.com,71019929,Cultural,mediterranian,thai,french,
Michael,male,gina25@kelly.com,39973481,Cultural,japanese,spanish,korean,
David,male,victoria80@moore.com,79729902,Cultural,japanese,russian,korean,
Ryan,male,michael21@yahoo.com,74137852,Law Enforcement,russian,korean,italian,
Melissa,female,ghicks@marshall-acosta.org,38254783,Communications Technologies,indian,chinese,mediterranian,
Christopher,male,nchavez@rodriguez-guerrero.com,11063908,Biomedical Sciences,thai,russian,mexican,
Christina,female,lisa85@smith.net,93039175,English Language and Literature,mexican,spanish,italian,
Norman,male,daniellesmith@yahoo.com,54402556,Law Enforcement,spanish,mediterranian,japanese,
Laurie,female,seanburns@gmail.com,10327354,Business,japanese,spanish,thai,
Monica,female,kimberly62@schwartz.org,53826582,Law Enforcement,chinese,thai,french,
Kristina,female,robin86@miller.org,61836907,Management,chinese,japanese,italian,
Lee,male,oscarstewart@harvey.com,30481737,Philosophy and Religious Studies,mediterranian,chinese,ethiopian,
Christopher,male,martha67@watson.info,10485761,Literatures,french,korean,spanish,
Amber,female,brownbrittany@owens.com,86743566,Business,mexican,korean,russian,
Samuel,male,robinjohnson@gmail.com,63286298,Information Sciences,japanese,american,thai,
Tonya,female,vazquezcandice@meadows.com,36221541,Law Enforcement,indian,spanish,chinese,
Duane,male,melinda92@hotmail.com,55701889,Architecture,chinese,japanese,mexican,
Deborah,female,youngjeffrey@miller.com,68820657,Journalism,ethiopian,spanish,american,
Emily,female,samanthalane@sanchez-barnes.com,15577613,Marketing,japanese,korean,chinese,
John,male,vanthony@gmail.com,89258601,Psychology,thai,russian,mexican,
Peter,male,daniel81@yahoo.com,33212415,Psychology,italian,korean,japanese,
Lacey,female,brandon95@hotmail.com,15516624,Law Enforcement,italian,spanish,chinese,
Penny,female,david30@jones.org,54590612,Marketing,korean,spanish,japanese,
Karen,female,xanderson@hotmail.com,36393561,Business,korean,indian,italian,
Paul,male,jennifer83@yahoo.com,63530401,Philosophy and Religious Studies,italian,russian,american,
Tasha,female,nlynch@gmail.com,87006591,Ethnic,japanese,american,chinese,
Edgar,male,gevans@wheeler-golden.com,44227040,English Language and Literature,mediterranian,korean,american,
James,male,vanessa33@peters.com,72773446,Information Sciences,chinese,american,japanese,
Julie,female,frankjohn@gmail.com,19789879,Law Enforcement,american,russian,french,
David,male,ryansmith@johnson-stewart.info,26306854,Agriculture,mediterranian,italian,mexican,
Brandi,female,jeffreyhayes@gmail.com,73193828,Agriculture,russian,mexican,french,
Kenneth,male,ahernandez@yahoo.com,28975541,Agriculture,mexican,indian,mediterranian,
Shawn,male,melanie53@kelly.com,93747410,Business,indian,chinese,spanish,
Christopher,male,bellstephanie@yahoo.com,59574159,English Language and Literature,chinese,mediterranian,ethiopian,
Susan,female,judithavila@jones-brown.net,46350732,Biomedical Sciences,thai,italian,indian,
Sandra,female,wilsonderrick@gmail.com,49682367,Applied Sciences,french,mediterranian,thai,
Matthew,male,jamesharris@hotmail.com,35657941,Law Enforcement,spanish,thai,mediterranian,
Matthew,male,reynoldsdouglas@sexton-wallace.com,74689905,Law Enforcement,mediterranian,russian,indian,
Tiffany,female,phillipdurham@simmons.info,75665275,Biomedical Sciences,mediterranian,thai,russian,
Maria,female,antoniobennett@richards.biz,36187488,Performing Arts,spanish,thai,chinese,
Tanner,male,sandraedwards@yahoo.com,47379806,Marketing,korean,japanese,indian,
Kyle,male,zramsey@watkins-jones.com,90996476,Journalism,spanish,ethiopian,thai,
Ann,female,charles20@pratt.biz,85713070,Biomedical Sciences,korean,indian,french,
Brenda,female,cynthia52@martinez.biz,18944691,Philosophy and Religious Studies,ethiopian,indian,korean,
Brandon,male,hollysantiago@hotmail.com,96908665,Agriculture,chinese,korean,thai,
Brenda,female,michaelromero@hotmail.com,17252650,Communications Technologies,french,korean,spanish,
Kim,female,bishopveronica@yahoo.com,85072519,Biomedical Sciences,spanish,thai,mediterranian,
Brian,male,xriley@soto.com,68432200,Literatures,indian,ethiopian,mediterranian,
Daniel,male,sherry50@mckinney.com,53396068,Agriculture,indian,ethiopian,mexican,
Ryan,male,mccartyjoseph@williams.biz,13710935,Biomedical Sciences,mediterranian,korean,american,
Casey,female,rlong@yahoo.com,55182972,Literatures,french,russian,indian,
Molly,female,sweeneykaren@yahoo.com,83234113,Applied Sciences,ethiopian,italian,chinese,
Lisa,female,sharpcorey@diaz.org,16823927,Architecture,japanese,italian,american,
Taylor,female,stephanie16@gmail.com,81820954,Cultural,american,japanese,chinese,
Heather,female,ttaylor@webb.com,62768024,Ethnic,spanish,russian,thai,
Breanna,female,zleonard@adams.biz,30311056,Biomedical Sciences,chinese,russian,indian,
Glen,male,melissablake@orr-alvarado.biz,67819755,Journalism,russian,american,indian,
Kenneth,male,sallypittman@bryant.biz,63393784,English Language and Literature,french,indian,japanese,
Amanda,female,ashleykemp@lopez.biz,22476889,Psychology,russian,indian,chinese,
David,male,jacqueline61@smith.com,92309191,Management,japanese,mediterranian,italian,
Julie,female,laura77@gmail.com,32941180,Law Enforcement,french,spanish,italian,
Kevin,male,hayescolleen@graham-hogan.com,38427863,Business,korean,mediterranian,mexican,
Sandra,female,bcarey@guerrero.com,70535094,Journalism,mexican,japanese,american,
Anthony,male,payneamanda@fischer-long.com,90314696,Applied Sciences,korean,ethiopian,spanish,
Shannon,female,susan64@gmail.com,52124353,Agriculture,ethiopian,french,russian,
Megan,female,higginsalicia@lutz.org,18029485,Ethnic,spanish,mexican,chinese,
Katrina,female,bscott@yahoo.com,88753507,Literatures,italian,french,indian,
Mary,female,teresaschneider@hotmail.com,19678055,Marketing,american,korean,japanese,
Joseph,male,belliott@yahoo.com,88801973,Information Sciences,korean,indian,thai,
Amanda,female,matthewsnyder@cox.info,94412429,Psychology,american,japanese,russian,
Dawn,female,timothy15@mullen.com,27620884,Ethnic,mediterranian,japanese,french,
Diane,female,hailey48@gmail.com,47250529,Biomedical Sciences,korean,spanish,ethiopian,
Matthew,male,nicholas10@gmail.com,55787630,Performing Arts,mexican,french,italian,
Melissa,female,lindabryant@allen.com,40307813,English Language and Literature,korean,mexican,russian,
Timothy,male,gregory53@gmail.com,19908211,Journalism,french,korean,chinese,
Joseph,male,xmckinney@rogers-webb.com,11824099,Psychology,indian,american,spanish,
David,male,campbelljulie@yahoo.com,43876414,Biomedical Sciences,ethiopian,american,japanese,
Ryan,male,carlos64@meyer.com,16229101,Ethnic,american,japanese,ethiopian,
Richard,male,jmendez@gmail.com,48951038,Architecture,ethiopian,korean,american,
Teresa,female,fvargas@gmail.com,97927568,Information Sciences,chinese,american,thai,
Faith,female,jevans@hotmail.com,15140436,Information Sciences,indian,russian,thai,
Oscar,male,coreyking@yahoo.com,17805990,Applied Sciences,korean,mexican,thai,
Nancy,female,craignathan@weaver-turner.net,64536581,English Language and Literature,japanese,mexican,french,
Breanna,female,garciaderrick@doyle.com,61462658,Foreign Languages,french,japanese,spanish,
Larry,male,psaunders@cuevas.biz,89587337,Agriculture,mediterranian,spanish,korean,
Kyle,male,lorileon@durham.net,46938930,Philosophy and Religious Studies,french,chinese,thai,
John,male,mcaldwell@rivera.biz,27671813,Business,mediterranian,italian,spanish,
Andrew,male,vpage@hotmail.com,38975687,Law Enforcement,chinese,thai,indian,
Ricardo,male,rickstephens@hotmail.com,81221598,Marketing,japanese,italian,russian,
Julie,female,mcclurekevin@gmail.com,88485210,Biomedical Sciences,indian,french,american,
Michelle,female,hoodjames@hotmail.com,16548389,Law Enforcement,american,spanish,thai,
Vickie,female,obrienjennifer@jackson.biz,46470083,Law Enforcement,russian,thai,mexican,
Lindsay,female,alejandroharris@ward.com,62789975,Management,indian,french,mexican,
Jessica,female,amanda28@lowe.com,65277250,Psychology,chinese,ethiopian,american,
Jessica,female,tiffanyclark@morris.com,50721473,Performing Arts,indian,thai,chinese,
Shawn,male,stephen39@quinn.biz,12627288,Communications Technologies,chinese,indian,mediterranian,
Jeffery,male,jenna23@gmail.com,17524950,Psychology,spanish,indian,japanese,
Micheal,male,genetaylor@hotmail.com,75629241,Ethnic,indian,russian,korean,
Thomas,male,elizabeth13@nixon-frazier.com,79523894,Architecture,ethiopian,mediterranian,thai,
Nancy,female,katelyn75@orr.com,31735692,Journalism,russian,spanish,indian,
Vincent,male,omiller@allison-cooke.net,18667923,Biomedical Sciences,ethiopian,american,mexican,
Benjamin,male,mbishop@jones.com,69236509,Philosophy and Religious Studies,american,indian,japanese,
Brian,male,adeleon@yahoo.com,22821816,Philosophy and Religious Studies,korean,japanese,french,
Brian,male,marklogan@gibson-walker.info,27981927,Marketing,korean,mexican,thai,
Annette,female,hernandezrobert@carter.com,48154167,Cultural,mediterranian,spanish,korean,
Jeffery,male,tonya97@hotmail.com,83561788,Biomedical Sciences,indian,ethiopian,russian,
Chase,male,conniecox@reed-avila.com,57022082,Foreign Languages,american,italian,korean,
Amanda,female,millerlindsay@walker-larson.org,22448028,Law Enforcement,mediterranian,korean,indian,
Robert,male,james98@ball.info,39101243,English Language and Literature,mediterranian,spanish,mexican,
Aaron,male,warrenjohn@yahoo.com,36070151,Marketing,french,american,korean,
Jodi,female,jacobtaylor@hamilton.org,54657407,Psychology,indian,russian,mediterranian,
Sabrina,female,alicia00@yahoo.com,31972723,Performing Arts,korean,chinese,russian,
Zachary,male,emilymartin@yahoo.com,99098687,Foreign Languages,french,ethiopian,japanese,
Joshua,male,ithompson@yahoo.com,66703411,Philosophy and Religious Studies,thai,italian,mediterranian,
Elizabeth,female,robertrowe@hotmail.com,83316689,Law Enforcement,american,japanese,mediterranian,
Nathan,male,mary98@montgomery.com,47216687,Marketing,thai,french,indian,
Cynthia,female,evanseric@schmidt.com,96373916,Cultural,korean,french,japanese,
Trevor,male,umiller@walker.com,89137764,English Language and Literature,italian,ethiopian,korean,
Christina,female,keith65@hotmail.com,88593759,Law Enforcement,japanese,mexican,italian,
Sandra,female,lwright@brown-murray.com,54356203,Foreign Languages,american,japanese,ethiopian,
Christopher,male,kellyrobinson@hotmail.com,91268897,Ethnic,korean,thai,chinese,
Mark,male,david77@hotmail.com,16787595,Applied Sciences,russian,american,thai,
Joseph,male,jonathon48@hotmail.com,80459398,Foreign Languages,indian,ethiopian,french,
David,male,randolphbradley@gmail.com,94412809,Agriculture,korean,chinese,spanish,
Juan,male,hwalker@pacheco.info,95737175,Communications Technologies,mexican,spanish,russian,
Brian,male,matthewgraham@yahoo.com,29461534,Architecture,spanish,ethiopian,italian,
Donna,female,nguyenchristine@harper-washington.info,44294331,Law Enforcement,chinese,french,mexican,
Jason,male,echase@yahoo.com,93630760,Architecture,mediterranian,russian,french,
Jennifer,female,dianascott@sanchez-ballard.com,65342064,Law Enforcement,indian,mediterranian,italian,
Kenneth,male,marksullivan@yahoo.com,18569186,Psychology,thai,ethiopian,chinese,
Virginia,female,julie43@weber.com,84293379,Journalism,indian,french,japanese,
Scott,male,james97@gmail.com,86855596,Marketing,indian,mexican,russian,
Todd,male,bradshawthomas@greene.biz,23042390,Cultural,french,chinese,korean,
Stephanie,female,spencerdavid@warren-mckenzie.com,32968696,Applied Sciences,ethiopian,spanish,italian,
John,male,cbaker@house.com,90250627,Management,korean,indian,chinese,
Andrew,male,greenetroy@nelson-manning.com,43787370,Psychology,ethiopian,mexican,italian,
Anita,female,kaneedward@yahoo.com,89573124,Ethnic,russian,indian,ethiopian,
Tanner,male,linda39@hotmail.com,80373279,Information Sciences,thai,american,russian,
Robin,female,wallerheather@rangel.com,44661939,Agriculture,indian,mediterranian,spanish,
Ralph,male,rmoore@white.info,20195685,Performing Arts,ethiopian,italian,japanese,
Cheryl,female,kellymartinez@warren-underwood.biz,38754500,Philosophy and Religious Studies,american,japanese,chinese,
Craig,male,curtisosborne@morgan-randolph.com,98226260,Business,italian,indian,japanese,
Ruth,female,michael23@hotmail.com,70153310,Literatures,ethiopian,korean,french,
Connie,female,boydgary@peters.com,32798996,Applied Sciences,korean,chinese,american,
Amanda,female,trujillomarissa@nolan.com,33952741,Information Sciences,mediterranian,chinese,russian,
Shannon,female,powelltina@yahoo.com,21069577,Performing Arts,ethiopian,indian,american,
Cindy,female,hollandrobert@hotmail.com,12734685,Journalism,french,korean,mexican,
Daniel,male,richardgibbs@gmail.com,91636239,Management,spanish,mediterranian,ethiopian,
Dakota,male,phillipssandra@johnston.net,31323364,Management,thai,italian,russian,
Ashley,female,katherine92@hotmail.com,19913829,Architecture,french,american,mexican,
Edward,male,luisjohnson@gamble.com,31860860,Ethnic,ethiopian,japanese,indian,
Morgan,female,davisdiana@morris.com,35055253,Psychology,chinese,russian,italian,
Susan,female,bschwartz@gmail.com,87738340,Psychology,korean,russian,american,
Steven,male,fbryan@gmail.com,68365582,Psychology,korean,thai,american,
Jeanne,female,juliehart@bowman.info,62444510,Law Enforcement,spanish,japanese,ethiopian,
Kimberly,female,candace98@yahoo.com,27731586,Philosophy and Religious Studies,chinese,russian,mexican,
Gary,male,hortiz@yahoo.com,57787870,English Language and Literature,american,mediterranian,ethiopian,
Amy,female,reneehart@decker.com,58442546,Architecture,japanese,italian,indian,
Kathryn,female,josephjacobson@hotmail.com,13772823,Literatures,thai,mediterranian,spanish,
Kelli,female,perezjames@hotmail.com,23354949,Communications Technologies,russian,italian,mediterranian,
Benjamin,male,ashleybarr@gmail.com,97424278,Ethnic,mediterranian,korean,chinese,
Melissa,female,jasonmatthews@yahoo.com,73453717,Foreign Languages,mexican,chinese,spanish,
Joseph,male,margaretrichards@baxter.com,53959960,Agriculture,russian,american,japanese,
Paige,female,kellybrenda@smith.net,69719682,Ethnic,ethiopian,thai,chinese,
Eric,male,phillipslauren@joyce.net,62747061,Journalism,french,italian,japanese,
Christopher,male,joshuatate@yahoo.com,42587997,Psychology,chinese,korean,indian,
Alan,male,slewis@freeman.com,76678034,Performing Arts,thai,spanish,ethiopian,
Ryan,male,james48@gmail.com,57223180,Law Enforcement,indian,spanish,french,
Michelle,female,bakeralicia@gmail.com,86851007,Ethnic,japanese,thai,spanish,
Andrew,male,chandlerdavid@yahoo.com,53071509,Cultural,russian,thai,american,
Taylor,female,maria23@smith.biz,10555222,Law Enforcement,korean,mexican,spanish,
Eric,male,aaronspears@gmail.com,27395441,Performing Arts,thai,american,indian,
James,male,mooresteve@yahoo.com,91956842,Journalism,chinese,russian,spanish,
Michael,male,payneteresa@wood.com,28940344,Cultural,ethiopian,indian,mexican,
Patricia,female,smithkatie@yahoo.com,65980523,Communications Technologies,korean,american,russian,
Steven,male,kevintorres@evans.info,87650484,Foreign Languages,spanish,russian,ethiopian,
Daniel,male,lopezjulie@bauer-smith.com,38799078,Biomedical Sciences,thai,mexican,chinese,
Kathleen,female,xbrown@kaiser.net,62591105,Law Enforcement,thai,french,mediterranian,
Michael,male,cespinoza@hotmail.com,74218945,Cultural,mediterranian,mexican,french,
Jonathan,male,stonenathan@gmail.com,32930915,Communications Technologies,indian,thai,russian,
Anita,female,andrearivera@hotmail.com,20492608,Foreign Languages,mexican,italian,russian,
Gary,male,glasselizabeth@yahoo.com,16903241,Business,mexican,french,korean,
Jordan,female,timothymiller@wallace.biz,93264000,Performing Arts,japanese,chinese,korean,
Sharon,female,timothybyrd@mullen.com,62564872,Applied Sciences,russian,american,italian,
Jeffrey,male,ronald43@porter.com,71074219,Management,american,japanese,mexican,
Trevor,male,brettfritz@anderson.com,56603223,Foreign Languages,japanese,chinese,korean,
Howard,male,woodskelly@hubbard.com,54319192,Journalism,thai,korean,italian,
Holly,female,victoriapayne@kelly.com,66974682,Performing Arts,american,russian,indian,
Katherine,female,susancook@gmail.com,13476673,Ethnic,indian,american,thai,
Calvin,male,sanchezashley@friedman.org,41095026,Ethnic,american,italian,indian,
Melissa,female,mcbridebradley@hotmail.com,77168395,Agriculture,chinese,spanish,russian,
Chase,male,kevin06@yahoo.com,61513846,Foreign Languages,ethiopian,indian,mediterranian,
David,male,jeremygreen@yahoo.com,76999375,Cultural,korean,russian,american,
John,male,markskimberly@shaw-kelley.com,27852361,Ethnic,mediterranian,thai,american,
Eric,male,jamesdiaz@hotmail.com,79134534,Cultural,spanish,russian,korean,
Dennis,male,brittany85@hughes.com,21961544,Biomedical Sciences,russian,indian,french,
David,male,bmurphy@green.biz,90490620,Biomedical Sciences,french,korean,mediterranian,
Mikayla,female,jasmine12@burns-anderson.org,30967594,Architecture,japanese,mediterranian,american,
Jessica,female,donnakennedy@morgan-shepherd.biz,22993071,Information Sciences,korean,ethiopian,russian,
Julie,female,linda18@sims.com,31260874,Management,indian,french,ethiopian,
Antonio,male,parkercole@duncan.net,54052905,English Language and Literature,japanese,ethiopian,indian,
Katie,female,xglenn@davis.com,17586207,Biomedical Sciences,spanish,chinese,french,
Chelsea,female,darrenmorrison@gmail.com,37031713,Foreign Languages,russian,japanese,ethiopian,
Elizabeth,female,thomashart@sanchez-butler.org,29517708,Psychology,mediterranian,ethiopian,spanish,
Hunter,male,velezdavid@olson.com,66115359,Journalism,american,spanish,russian,
Michael,male,willisolivia@hotmail.com,98168666,Information Sciences,mediterranian,korean,italian,
Jennifer,female,jessica93@yahoo.com,73489664,Performing Arts,mediterranian,japanese,chinese,
Andrew,male,kallen@yahoo.com,85613982,Marketing,american,indian,chinese,
Debbie,female,nathanbennett@hotmail.com,86684493,Foreign Languages,chinese,japanese,french,
Derrick,male,jensenloretta@gmail.com,22814932,Management,ethiopian,american,spanish,
Benjamin,male,christine15@yahoo.com,44929380,Marketing,thai,mexican,american,
Ricky,male,lmorgan@baker.com,85212220,Management,mexican,chinese,indian,
Karen,female,xmullen@hotmail.com,97105183,Ethnic,mediterranian,chinese,korean,
Jordan,female,lisastevens@boyer.com,79925147,Ethnic,chinese,ethiopian,japanese,
Lindsey,female,lgibbs@adams.com,61633281,Performing Arts,russian,american,italian,
Amy,female,pdaniel@wallace-huber.net,39227172,Information Sciences,italian,chinese,mediterranian,
Renee,female,alexanderdaniel@phillips.biz,54399325,Applied Sciences,indian,spanish,russian,
Joseph,male,wesleypatel@long.com,21342893,Marketing,american,thai,mediterranian,
Zachary,male,fgates@gmail.com,21432736,Architecture,american,korean,french,
Colin,male,dsmith@gmail.com,86672421,Ethnic,mexican,korean,spanish,
David,male,qbrown@gmail.com,47887594,Marketing,french,indian,mexican,
Michelle,female,joseph54@marquez.net,32237640,Architecture,italian,american,mexican,
Savannah,female,taylor94@austin-powell.org,63016497,Business,korean,mexican,ethiopian,
Kelly,female,sray@hotmail.com,62801448,Performing Arts,russian,mediterranian,indian,
Carrie,female,cameron60@collier.com,87436908,Journalism,russian,spanish,chinese,
Mary,female,brendapennington@yahoo.com,97875909,Journalism,spanish,ethiopian,mediterranian,
Grace,female,hubernathaniel@jimenez-jackson.info,13337876,Foreign Languages,indian,italian,chinese,
Susan,female,fullerdeborah@young.com,69047090,Foreign Languages,italian,american,ethiopian,
Andrew,male,colinsanders@owen-sanchez.com,93784420,Information Sciences,japanese,italian,russian,
Ana,female,rsherman@brown.com,92689650,Business,chinese,indian,korean,
Brandi,female,brandy71@gutierrez-alvarado.com,95677858,Marketing,japanese,mediterranian,american,
Henry,male,moorejonathan@mathis.com,53732080,Law Enforcement,chinese,indian,mexican,
Kathleen,female,ralph73@simpson-moore.com,90463589,Literatures,indian,thai,japanese,
Lisa,female,xbruce@nicholson-bishop.com,84084868,Foreign Languages,spanish,chinese,russian,
Samuel,male,reyeselizabeth@gmail.com,82566659,Psychology,mediterranian,chinese,russian,
Jennifer,female,benjaminharrell@reynolds.net,56149619,Biomedical Sciences,spanish,russian,french,
Caleb,male,urobbins@hart.com,88932755,Performing Arts,spanish,french,korean,
Jason,male,meyertyler@gmail.com,54901421,Ethnic,korean,ethiopian,indian,
Amanda,female,brittany05@gmail.com,85139851,Psychology,korean,indian,mediterranian,
Jerry,male,bethgarcia@hotmail.com,62258368,Foreign Languages,korean,american,mexican,
Vincent,male,byrdtracy@bartlett.info,78456886,Journalism,american,korean,thai,
Julia,female,cynthiawood@yahoo.com,92213771,Information Sciences,american,mediterranian,mexican,
Nicole,female,sanderssarah@yahoo.com,91120891,Journalism,thai,korean,spanish,
Gabriel,male,andrea38@hotmail.com,86022189,Psychology,russian,french,italian,
Samantha,female,zmelendez@gmail.com,43500246,Ethnic,russian,spanish,chinese,
Diane,female,joshua37@gmail.com,70413205,Ethnic,spanish,american,thai,
Leslie,female,kevinberry@jackson.com,90695832,Psychology,spanish,mexican,mediterranian,
Carolyn,female,devonhoffman@yahoo.com,32194583,Management,french,american,mediterranian,
Colin,male,rhondacontreras@watson.biz,61387877,Journalism,french,russian,chinese,
Anthony,male,espinozacindy@collins-gross.net,85320044,Literatures,russian,thai,spanish,
Peter,male,vmartin@flowers-carter.com,54723037,Cultural,spanish,russian,mexican,
Sarah,female,erintaylor@gmail.com,56039590,Business,japanese,mediterranian,american,
Jon,male,amy10@lane.com,74114522,Agriculture,french,spanish,italian,
Michael,male,george35@smith.com,32562877,Ethnic,american,chinese,spanish,
Kayla,female,vbarnes@schmidt.com,69872774,Business,korean,japanese,italian,
Holly,female,phillip44@hotmail.com,72547164,Biomedical Sciences,spanish,mediterranian,thai,
Joshua,male,sbutler@green.info,64526760,Performing Arts,korean,indian,spanish,
Ashley,female,uhouse@hotmail.com,66883815,Management,mediterranian,italian,mexican,
Kelsey,female,hamiltontimothy@gmail.com,94075486,Biomedical Sciences,mediterranian,spanish,ethiopian,
Latoya,female,marissa20@hotmail.com,18793139,Cultural,chinese,mediterranian,japanese,
Andrew,male,walltracey@anderson.com,44718807,Communications Technologies,russian,chinese,mexican,
Jessica,female,vnavarro@yahoo.com,16613877,Management,ethiopian,chinese,korean,
Lisa,female,daniel91@martin.biz,76726031,Ethnic,chinese,russian,mexican,
Kelly,female,danielgreen@cordova.biz,47168727,Communications Technologies,indian,korean,russian,
Daniel,male,glambert@flores.com,92648093,English Language and Literature,ethiopian,mediterranian,french,
Robert,male,tammy70@quinn.com,98615489,Marketing,korean,indian,russian,
Todd,male,plopez@cruz-waller.net,95427406,Information Sciences,american,indian,ethiopian,
Tracey,female,bhale@silva.com,58829097,Cultural,french,mexican,russian,
Olivia,female,jennifer24@wright-stewart.biz,42840633,English Language and Literature,indian,italian,thai,
Marco,male,hhouse@yahoo.com,69489043,Literatures,mediterranian,french,chinese,
Amy,female,vjenkins@yahoo.com,20878400,Management,ethiopian,chinese,indian,
Susan,female,mariajones@galloway.biz,95160335,Marketing,chinese,mediterranian,american,
Diana,female,cookthomas@garza.com,39312995,Architecture,mediterranian,indian,french,
Jo,female,christinatorres@gibson-cooley.com,87381788,Marketing,russian,chinese,mexican,
Jessica,female,alvaradoangela@pennington.com,89965590,English Language and Literature,chinese,italian,spanish,
Justin,male,hesteremily@watts-sanchez.biz,42305752,Biomedical Sciences,mexican,chinese,thai,
Robert,male,hannahturner@mcdaniel-orr.com,41410748,Performing Arts,ethiopian,italian,thai,
James,male,hullsusan@cobb-williams.biz,72642111,Cultural,japanese,french,mexican,
James,male,loganmiguel@harris-garcia.com,16992595,Cultural,french,spanish,italian,
Darius,male,youngandrew@smith-brown.com,58877317,Psychology,japanese,chinese,russian,
Kathryn,female,robert75@yahoo.com,22347643,Psychology,korean,italian,mediterranian,
Jennifer,female,wesleybaker@lyons-green.com,41996547,Biomedical Sciences,japanese,french,russian,
Melanie,female,ytanner@yahoo.com,39357433,Applied Sciences,russian,korean,italian,
Nichole,female,melissa05@ferguson-hughes.info,81279680,Literatures,ethiopian,japanese,italian,
Taylor,female,alyssaflowers@washington.com,75865683,Ethnic,mediterranian,indian,chinese,
Dale,male,fsmith@stone.net,98459033,Biomedical Sciences,american,spanish,russian,
Jennifer,female,danielle01@yahoo.com,39833447,Ethnic,american,french,mediterranian,
Matthew,male,gary96@gmail.com,77021273,Foreign Languages,italian,chinese,korean,
Steven,male,xhanna@gutierrez.biz,28254431,Psychology,japanese,mexican,american,
Nathaniel,male,chelsey85@hotmail.com,90288474,Agriculture,korean,italian,mexican,
Matthew,male,hillamber@yahoo.com,60778035,Information Sciences,spanish,russian,ethiopian,
Kathleen,female,cassandrafuller@mcpherson.org,42336146,Information Sciences,thai,korean,japanese,
Tara,female,nphillips@thompson-fuller.org,11623943,Law Enforcement,spanish,mediterranian,mexican,
William,male,paulajohnson@hart.net,65125336,Biomedical Sciences,french,spanish,indian,
Bonnie,female,ymurphy@jennings.com,59227682,Philosophy and Religious Studies,thai,japanese,mexican,
Melissa,female,stricklandjerome@boyd-baker.net,71807372,Management,italian,thai,russian,
Edward,male,alexis24@boyle-harrison.com,11637821,Agriculture,american,french,chinese,
Christopher,male,daniel89@tran.info,96062309,Marketing,russian,mexican,chinese,
Lauren,female,klong@campbell.com,46516519,English Language and Literature,french,thai,indian,
Stephanie,female,micheleryan@goodman.com,24354994,Agriculture,chinese,indian,ethiopian,
George,male,hannahmcdonald@baird-austin.com,23648549,Psychology,mediterranian,french,spanish,
Paul,male,djordan@miller.net,84464171,Agriculture,italian,indian,mediterranian,
Angel,male,patriciarodriguez@chapman.biz,13321453,Law Enforcement,french,mediterranian,mexican,
Joseph,male,georgekelly@yahoo.com,67996709,Architecture,american,russian,italian,
Scott,male,lindseywoodward@gmail.com,12310175,Information Sciences,indian,ethiopian,japanese,
Jimmy,male,ashley79@thompson.biz,19235261,Business,chinese,russian,indian,
Sarah,female,adam15@gmail.com,42341951,Biomedical Sciences,mexican,mediterranian,ethiopian,
Patrick,male,mathew40@smith-peck.com,48230077,Psychology,mexican,italian,thai,
Stacey,female,washingtonconnie@hotmail.com,36856597,Psychology,indian,chinese,russian,
Amanda,female,susan03@gmail.com,99999599,Journalism,mexican,indian,french,
Christine,female,christopher18@hotmail.com,20819434,Law Enforcement,italian,chinese,russian,
Jodi,female,martin82@spears.com,13737686,Law Enforcement,japanese,thai,mexican,
Sarah,female,bhammond@james.com,78956857,Communications Technologies,thai,japanese,indian,
Raymond,male,glennbrian@hotmail.com,74036175,Ethnic,french,spanish,russian,
Heather,female,ericmclaughlin@gmail.com,25768290,Ethnic,mediterranian,thai,french,
Jamie,female,peter79@bowen.com,31345387,Journalism,thai,japanese,mediterranian,
Michelle,female,rbarrett@boyle.com,65500020,Business,mexican,french,korean,
Cynthia,female,zwalters@lee.net,35906618,Marketing,indian,french,japanese,
Julia,female,fordjared@russell.com,30478256,Philosophy and Religious Studies,japanese,american,spanish,
Brittany,female,amber86@yahoo.com,11911461,Cultural,korean,american,japanese,
Timothy,male,waltonbelinda@gmail.com,71504005,Psychology,spanish,thai,korean,
Nancy,female,alexiscasey@bruce.com,27570538,Philosophy and Religious Studies,russian,indian,spanish,
Angela,female,elizabeth91@gmail.com,84761019,Architecture,ethiopian,mediterranian,spanish,
Courtney,female,aaron09@watson.com,86414582,Philosophy and Religious Studies,mediterranian,french,italian,
Ryan,male,ajones@garcia.biz,25135132,Psychology,korean,mediterranian,ethiopian,
Anthony,male,wtate@salinas-martinez.info,94794124,Agriculture,indian,ethiopian,thai,
Elizabeth,female,melliott@hotmail.com,28625538,Management,french,russian,spanish,
Daniel,male,karencollins@yahoo.com,37082593,Law Enforcement,spanish,french,japanese,
Jeffrey,male,sthomas@gmail.com,38129282,English Language and Literature,american,russian,thai,
Louis,male,millerjames@hudson.com,80965944,Journalism,mediterranian,french,russian,
Dustin,male,mathistammy@blevins.net,93371661,Foreign Languages,french,korean,japanese,
Lynn,female,masonwilliam@yahoo.com,37723213,Psychology,mediterranian,ethiopian,thai,
James,male,davisashley@hotmail.com,49885730,Foreign Languages,japanese,spanish,american,
Maria,female,cynthia59@hotmail.com,77934995,Communications Technologies,korean,thai,mexican,
Taylor,female,richardcampbell@hotmail.com,25270411,Ethnic,korean,american,thai,
Lori,female,lmiller@gmail.com,54887131,Cultural,korean,french,thai,
Natalie,female,xroach@yahoo.com,38896806,Philosophy and Religious Studies,korean,french,thai,
Matthew,male,jonathan03@burton-decker.net,69077073,Performing Arts,ethiopian,russian,chinese,
Ashley,female,daniel40@yahoo.com,45057638,Applied Sciences,mediterranian,thai,chinese,
Nicole,female,nicholas30@hotmail.com,94598255,Management,chinese,mexican,thai,
Jennifer,female,welchmarissa@lewis-oconnor.com,93824329,Marketing,american,indian,chinese,
Katherine,female,dixonkaren@gmail.com,97100539,Cultural,french,spanish,mexican,
Steven,male,uphillips@gmail.com,24485731,Marketing,korean,french,chinese,
Lori,female,samantha16@yahoo.com,30300679,Business,mexican,mediterranian,chinese,
Jordan,female,evansdonna@brown.com,52894063,Management,thai,mediterranian,ethiopian,
Katherine,female,paige01@yahoo.com,93423120,Literatures,japanese,russian,mexican,
Jennifer,female,imyers@gmail.com,68721465,Psychology,mediterranian,spanish,french,
Lynn,female,timothy98@gmail.com,57191025,Information Sciences,french,indian,russian,
Chris,male,reneecaldwell@yahoo.com,73261374,English Language and Literature,japanese,russian,italian,
Veronica,female,wayne32@martin.com,49910773,Agriculture,russian,mexican,japanese,
Robert,male,justin82@anderson-hart.com,99708878,Architecture,italian,mexican,ethiopian,
Scott,male,kristaandrews@hotmail.com,79603162,Law Enforcement,mexican,russian,indian,
Jason,male,smithnicholas@hotmail.com,48205183,Law Enforcement,italian,american,mediterranian,
Mark,male,conleyshawn@hotmail.com,29431338,Ethnic,mexican,spanish,chinese,
Olivia,female,victoriagardner@west-jones.com,52579170,Business,italian,indian,ethiopian,
April,female,carlsonchristopher@yahoo.com,39173103,Cultural,chinese,italian,mediterranian,
Aaron,male,toddsullivan@gmail.com,28381394,Marketing,mexican,thai,french,
Katrina,female,greernatasha@hotmail.com,69638039,Philosophy and Religious Studies,spanish,japanese,chinese,
Lynn,female,nguyenamber@smith.com,24618499,Information Sciences,american,mediterranian,mexican,
Linda,female,frank95@schwartz.com,67225278,Ethnic,mexican,italian,spanish,
Cody,male,critter@gmail.com,72578265,Foreign Languages,spanish,chinese,mexican,
Aaron,male,ronald00@jordan.com,44179469,Information Sciences,mediterranian,italian,spanish,
Stephen,male,michaelprice@yahoo.com,76942306,Foreign Languages,french,russian,japanese,
Alejandra,female,zkim@yahoo.com,16524536,Agriculture,american,spanish,japanese,
Laura,female,pattersonjon@young.com,25332238,Marketing,russian,spanish,ethiopian,
Kayla,female,brent72@yahoo.com,94272966,Applied Sciences,italian,mediterranian,ethiopian,
Elizabeth,female,christinajones@gmail.com,20063517,Applied Sciences,russian,ethiopian,korean,
Sarah,female,kristyadams@yahoo.com,10408803,Information Sciences,thai,japanese,mediterranian,
Jacob,male,amymanning@grant.net,44486666,Applied Sciences,mediterranian,ethiopian,french,
Mark,male,christopher70@clements.com,55334477,Agriculture,mediterranian,korean,mexican,
Lauren,female,pricechelsea@hotmail.com,39221711,Communications Technologies,thai,mediterranian,korean,
Lisa,female,brianvasquez@gmail.com,35929845,Biomedical Sciences,chinese,russian,japanese,
Christopher,male,matthew60@yahoo.com,58449598,Philosophy and Religious Studies,mexican,italian,japanese,
Katherine,female,jonpalmer@flores.net,45378271,Performing Arts,mexican,spanish,russian,
Amanda,female,danieltaylor@nielsen.com,35595475,Philosophy and Religious Studies,french,thai,ethiopian,
Christina,female,lauren23@murphy.com,44838039,Communications Technologies,mexican,thai,spanish,
Eric,male,michael75@hotmail.com,55029458,Agriculture,mediterranian,russian,ethiopian,
Connor,male,amy39@clarke.com,81140336,Business,italian,mexican,mediterranian,
Brendan,male,rachel51@jones.com,54337018,Cultural,mediterranian,japanese,spanish,
Tammy,female,william86@hotmail.com,43437796,Psychology,mediterranian,chinese,russian,
Michael,male,cspencer@yahoo.com,34044000,Agriculture,indian,american,japanese,
Emily,female,nicholas00@wilson.com,28802060,Cultural,mexican,thai,chinese,
Nicole,female,tammy35@gmail.com,94579342,Cultural,mexican,indian,french,
Sherry,female,johnstonmichael@jacobs-shelton.net,41032014,Marketing,indian,japanese,korean,
Isaac,male,vramirez@henderson-ortega.com,78776196,Applied Sciences,mexican,thai,mediterranian,
Anne,female,bonillatimothy@walsh-meyers.biz,78129930,Agriculture,thai,mexican,american,
Billy,male,ujackson@gmail.com,22282420,Foreign Languages,french,russian,mexican,
Gary,male,sarahhardin@gmail.com,77596010,Cultural,mediterranian,russian,italian,
Alexa,female,fergusonrichard@gmail.com,41455893,Ethnic,indian,mexican,ethiopian,
Nancy,female,wperez@gmail.com,44177722,Architecture,ethiopian,mexican,spanish,
Kelly,female,harrisontimothy@sanders.org,22442977,Journalism,mexican,indian,ethiopian,
Shirley,female,rchang@shah.com,90688664,Architecture,russian,italian,indian,
Tracy,female,eric41@johnson-james.info,39256576,Psychology,japanese,indian,thai,
Jessica,female,wbest@hotmail.com,22653555,English Language and Literature,french,russian,ethiopian,
Charles,male,gregg96@richmond-gonzalez.net,81309650,Management,japanese,american,mexican,
Joseph,male,staceysanders@yahoo.com,35467398,Architecture,chinese,french,american,
Jason,male,victoria27@hotmail.com,85435425,Information Sciences,american,japanese,mediterranian,
Michael,male,scottmiller@lyons.biz,84311659,Communications Technologies,spanish,russian,chinese,
Anthony,male,rmorrow@hotmail.com,12587161,Communications Technologies,ethiopian,french,spanish,
Alexander,male,johnathan21@norton.org,14402834,Agriculture,ethiopian,thai,russian,
Helen,female,jacquelineflynn@weiss.com,93794181,Architecture,italian,chinese,american,
Michael,male,wherman@yahoo.com,96332181,Journalism,ethiopian,american,french,
Catherine,female,sstanton@hill.info,91609437,Foreign Languages,italian,mediterranian,russian,
Patricia,female,pamela01@hotmail.com,98960082,Architecture,russian,mediterranian,korean,
Eric,male,qboyle@hotmail.com,61124781,English Language and Literature,mexican,thai,indian,
Kevin,male,adam70@hotmail.com,87623616,Architecture,mexican,french,chinese,
Sheila,female,kevin23@elliott.com,76249601,Information Sciences,ethiopian,french,japanese,
Robert,male,williamssarah@gmail.com,29106923,Agriculture,korean,mediterranian,french,
Sarah,female,jcervantes@jenkins.biz,82667810,Architecture,indian,mediterranian,french,
Ryan,male,ebradford@castro-giles.biz,54461677,Business,russian,ethiopian,french,
Sean,male,lphillips@gmail.com,33270774,English Language and Literature,french,thai,chinese,
Nicholas,male,hayesruth@west-williams.net,48249457,Business,italian,indian,chinese,
Brandon,male,drichardson@hotmail.com,43865731,Literatures,russian,spanish,korean,
Debra,female,rebecca76@hotmail.com,27591342,Foreign Languages,japanese,italian,french,
John,male,grossbobby@yahoo.com,82741791,Ethnic,thai,italian,indian,
Jenna,female,jasonstokes@king.com,40291771,Philosophy and Religious Studies,french,thai,spanish,
Belinda,female,wbishop@perez-obrien.com,28262281,Cultural,thai,korean,spanish,
Jennifer,female,annadavis@griffith-hodges.com,31701581,Business,russian,chinese,ethiopian,
Shannon,female,qmorales@gmail.com,70974038,Information Sciences,ethiopian,chinese,indian,
Derrick,male,rhodesdawn@yahoo.com,17647782,Agriculture,italian,thai,spanish,
Andrea,female,pearsonjennifer@haley.biz,11290567,Business,french,korean,russian,
Matthew,male,sheltonbonnie@smith.com,58873482,Management,italian,american,mexican,
James,male,moniquehowell@gmail.com,35318223,Ethnic,japanese,french,thai,
Mark,male,qwebb@gibbs.com,63746019,Law Enforcement,indian,mediterranian,american,
Yvonne,female,teresaallen@hotmail.com,11813605,Architecture,mexican,american,ethiopian,
Joseph,male,pateljames@gmail.com,64136236,Cultural,spanish,chinese,korean,
Matthew,male,melissa28@yahoo.com,15010047,Law Enforcement,italian,mexican,french,
Nancy,female,dbennett@gmail.com,76083124,Literatures,indian,russian,italian,
Gary,male,johnsonjohn@brewer-kent.info,24648675,Ethnic,mexican,italian,mediterranian,
Rhonda,female,salazarjessica@hotmail.com,53626580,Information Sciences,ethiopian,italian,american,
Mary,female,michaeljohnson@yahoo.com,51947018,Agriculture,mediterranian,american,korean,
James,male,alvinjones@parsons-saunders.com,78325190,Applied Sciences,russian,chinese,spanish,
Stephen,male,megan71@hotmail.com,67224597,Law Enforcement,chinese,indian,mexican,
Madison,female,haroldstone@yahoo.com,35316674,Architecture,italian,korean,chinese,
Patrick,male,hilljoshua@hotmail.com,61443706,Philosophy and Religious Studies,italian,mexican,japanese,
Ashley,female,lambertwilliam@gmail.com,49338126,Foreign Languages,indian,ethiopian,chinese,
Barry,male,daniellecarlson@hotmail.com,64262284,Law Enforcement,indian,italian,thai,
Felicia,female,ddean@yahoo.com,74116379,Law Enforcement,korean,mexican,italian,
Matthew,male,crystal43@hotmail.com,30158423,Architecture,french,indian,thai,
Paul,male,melissa87@hotmail.com,46481894,Ethnic,thai,american,mediterranian,
Mary,female,davidneal@blake.com,35136670,Foreign Languages,thai,indian,american,
Matthew,male,bryce87@gmail.com,83036743,Management,indian,korean,thai,
Heather,female,fvasquez@gmail.com,26765172,Business,french,indian,italian,
Alexander,male,knoxpeter@luna.org,27418242,Marketing,indian,mexican,mediterranian,
Joseph,male,hicksalyssa@haynes.biz,29132357,Foreign Languages,mediterranian,french,spanish,
Robert,male,ashley35@turner.com,30309987,Journalism,korean,chinese,american,
Heather,female,nicholasmeyer@schmitt.biz,66376419,Foreign Languages,french,ethiopian,mediterranian,
Angela,female,martha61@yahoo.com,17058834,Agriculture,thai,indian,mediterranian,
Andrea,female,stephanierios@white.com,64869576,Law Enforcement,ethiopian,spanish,korean,
Mark,male,medinanathan@hotmail.com,67151614,Cultural,chinese,korean,mediterranian,
Susan,female,vmatthews@stewart-davis.info,62612197,Management,mexican,mediterranian,american,
James,male,ashley08@yates.org,76313538,Literatures,mexican,mediterranian,russian,
Johnny,male,amberhamilton@gmail.com,99261944,Performing Arts,american,korean,japanese,
Jamie,female,maria46@shepherd-boyer.com,82521242,Performing Arts,italian,indian,spanish,
Tina,female,sanchezchase@williams.com,99813992,Applied Sciences,korean,mexican,mediterranian,
Elizabeth,female,escobartimothy@hotmail.com,82602412,Applied Sciences,mediterranian,french,indian,
Susan,female,nathanieleverett@wright.com,27289735,Marketing,mexican,american,thai,
Zachary,male,crawfordbryan@harris-mack.com,75232963,Agriculture,mediterranian,ethiopian,mexican,
Dylan,male,lisagarcia@yahoo.com,32502485,Psychology,japanese,ethiopian,italian,
Amy,female,charlesmiller@robertson.net,31031746,English Language and Literature,thai,japanese,ethiopian,
Brian,male,jeanettecampbell@williams.com,55308456,Biomedical Sciences,korean,thai,french,
Timothy,male,bucklaura@gmail.com,39355045,Agriculture,thai,mexican,mediterranian,
Steven,male,bknapp@hotmail.com,27695737,Communications Technologies,italian,spanish,japanese,
Lisa,female,bpalmer@garza.org,33459116,Psychology,indian,spanish,italian,
Scott,male,allencody@shaw-vega.com,20892082,Applied Sciences,american,mediterranian,japanese,
Joshua,male,ethornton@stephens.biz,83227523,Business,ethiopian,mexican,french,
Michele,female,sarah68@valdez-perez.com,18295291,Literatures,japanese,spanish,italian,
Audrey,female,bryantjames@stephens.org,63393692,Psychology,chinese,ethiopian,french,
Brenda,female,dennisatkinson@gmail.com,52532899,Marketing,mexican,chinese,korean,
Katherine,female,cwilson@gmail.com,78608630,Information Sciences,mediterranian,american,chinese,
Raymond,male,rpeterson@hotmail.com,14779959,Information Sciences,japanese,spanish,italian,
Amanda,female,zjohnston@cline.com,32860059,Journalism,russian,american,mexican,
Cassandra,female,browndanielle@kelley.com,54419966,Ethnic,french,russian,ethiopian,
Kathleen,female,laurabutler@hotmail.com,57281922,Journalism,russian,japanese,mediterranian,
Jennifer,female,hernandezrobert@gmail.com,92746247,Architecture,russian,american,ethiopian,
Julie,female,ymoses@hotmail.com,88671426,English Language and Literature,french,korean,mexican,
Lisa,female,jason09@kim.net,86369686,Journalism,spanish,american,thai,
James,male,crodriguez@gmail.com,77137299,Applied Sciences,japanese,thai,american,
Tammy,female,danny96@flores.com,84796688,Cultural,japanese,russian,ethiopian,
Michael,male,uhuang@ramirez-carter.info,77742937,Biomedical Sciences,spanish,french,thai,
Tyler,male,butlerantonio@yahoo.com,66352034,Law Enforcement,japanese,italian,mediterranian,
Dorothy,female,dennis14@hotmail.com,65987447,Communications Technologies,american,italian,spanish,
Barbara,female,rmorales@yahoo.com,50829343,Biomedical Sciences,italian,indian,chinese,
Timothy,male,lrodriguez@yahoo.com,12098625,Psychology,french,italian,mexican,
Jenny,female,nelsonjulie@gmail.com,56887680,Law Enforcement,japanese,mediterranian,korean,
Tracy,female,cookemichael@gmail.com,11788614,English Language and Literature,indian,thai,mediterranian,
Barbara,female,cmartinez@hotmail.com,59970592,Foreign Languages,mediterranian,chinese,spanish,
Megan,female,uconner@yahoo.com,49697289,Foreign Languages,american,spanish,mediterranian,
Craig,male,megan45@gmail.com,24990026,Business,indian,mexican,mediterranian,
Alexander,male,david37@hotmail.com,57335079,Agriculture,american,thai,french,
Sarah,female,charlespadilla@duncan.info,27365991,Ethnic,indian,french,italian,
Evan,male,hhoover@hunt.net,40621732,Psychology,indian,mediterranian,italian,
Michael,male,melissa26@gmail.com,30214731,Ethnic,american,mediterranian,chinese,
Tonya,female,austinchristopher@gmail.com,49454741,Information Sciences,ethiopian,russian,french,
Keith,male,gphillips@hotmail.com,37641850,Philosophy and Religious Studies,russian,mexican,mediterranian,
Nicole,female,bryantaudrey@thompson.com,60154815,Marketing,chinese,ethiopian,korean,
Steven,male,valenzueladerrick@hotmail.com,34519998,Cultural,indian,korean,mexican,
Michael,male,wstewart@hotmail.com,42609161,Applied Sciences,russian,mexican,japanese,
Lawrence,male,harteileen@yoder.com,76400977,English Language and Literature,russian,french,spanish,
Michelle,female,tom79@barnett-cook.com,40404135,Biomedical Sciences,mexican,italian,chinese,
Anthony,male,fbrown@yahoo.com,35872570,Architecture,korean,spanish,american,
Alan,male,xpadilla@may-nguyen.com,91341459,Agriculture,american,mediterranian,french,
Charles,male,charles58@mckay-griffin.com,79340269,English Language and Literature,american,italian,mexican,
Victoria,female,annaperez@cameron.com,89387040,Psychology,mediterranian,american,spanish,
Deborah,female,kmills@gmail.com,45620375,Philosophy and Religious Studies,mediterranian,american,italian,
Debra,female,lopezjill@malone.com,56010236,Agriculture,french,mediterranian,american,
Tami,female,lrice@hale.com,60241510,Biomedical Sciences,italian,mediterranian,spanish,
Nicholas,male,jessica04@gmail.com,34159210,Ethnic,thai,mexican,japanese,
Angela,female,tammytaylor@gmail.com,16102851,Biomedical Sciences,mexican,spanish,thai,
Melissa,female,michellesummers@vasquez.com,90427101,Law Enforcement,spanish,japanese,korean,
Jose,male,raymondmary@alexander.biz,97994143,Performing Arts,japanese,indian,french,
Sheila,female,randy99@alvarado-williams.com,50800433,Agriculture,korean,chinese,mexican,
Trevor,male,davidwilliamson@hotmail.com,27117601,Psychology,indian,french,italian,
Laura,female,acostakelly@warren.com,62214137,Psychology,chinese,ethiopian,indian,
Caroline,female,rachel42@odom-roberts.org,29047213,Journalism,indian,korean,spanish,
Randy,male,natasha30@williams.com,26026723,Literatures,mexican,thai,russian,
Willie,male,flynnmichael@yahoo.com,51401692,Business,mexican,french,russian,
Jennifer,female,xwalker@moore.com,85606686,Law Enforcement,ethiopian,italian,mexican,
Richard,male,brandon59@lane.com,16244556,Communications Technologies,mexican,mediterranian,french,
Christopher,male,hudsonbryan@jackson.com,17691222,Cultural,indian,spanish,korean,
Caitlin,female,adouglas@martin-salas.info,15754588,Journalism,american,spanish,mediterranian,
Paul,male,connie58@hotmail.com,97235133,English Language and Literature,indian,french,american,
Joshua,male,adiaz@barker.com,98606642,Psychology,japanese,ethiopian,indian,
Jessica,female,bmartin@gmail.com,86354878,Foreign Languages,ethiopian,indian,mediterranian,
Brandon,male,torresheather@hotmail.com,24874403,Performing Arts,japanese,spanish,chinese,
Angela,female,gordonmichelle@sanders.biz,24549986,English Language and Literature,thai,ethiopian,japanese,
Jessica,female,cody09@chung-boone.net,67066987,Ethnic,russian,indian,french,
Eric,male,oblair@hotmail.com,79431865,Business,russian,spanish,ethiopian,
